{
  "spark-mini-bluetooth-speaker": {
    "name": "Spark Mini Bluetooth Speaker",
    "shortDescription": "Pocket-size, big sound.",
    "description": "Ultra-portable speaker with clear mids and surprising bass for its size. 8h battery, USB-C charging.",
    "category": "📱 Electronics",
    "price": 249,
    "quantity": 14,
    "featured": true,
    "status": "active",
    "images": ["https://images.unsplash.com/photo-1518443895914-7e8d86b7a2dd?q=80&w=1200&auto=format&fit=crop"],
    "sku": "SPK-MINI-001",
    "analytics": { "views": 0, "contacts": 0 },
    "createdAt": 1731000000000,
    "updatedAt": 1731000000000
  },
  "aurora-wireless-earbuds": {
    "name": "Aurora Wireless Earbuds",
    "shortDescription": "Clear calls, deep bass.",
    "description": "Bluetooth 5.3, ENC mics for calls, 24h total playtime with case, IPX5 splash resistant.",
    "category": "📱 Electronics",
    "price": 399,
    "quantity": 22,
    "featured": false,
    "status": "active",
    "images": ["https://images.unsplash.com/photo-1585386959984-a41552231658?q=80&w=1200&auto=format&fit=crop"],
    "sku": "AUR-BUDS-002",
    "analytics": { "views": 0, "contacts": 0 },
    "createdAt": 1731000001000,
    "updatedAt": 1731000001000
  },
  "sleek-smartwatch-lite": {
    "name": "Sleek Smartwatch Lite",
    "shortDescription": "Fitness & notifications.",
    "description": "Heart-rate, sleep tracking, step counter, WhatsApp & SMS notifications, 7-day battery.",
    "category": "📱 Electronics",
    "price": 549,
    "quantity": 10,
    "featured": true,
    "status": "active",
    "images": ["https://images.unsplash.com/photo-1518441902112-fd1e6c1d8b21?q=80&w=1200&auto=format&fit=crop"],
    "sku": "SLK-WATCH-003",
    "analytics": { "views": 0, "contacts": 0 },
    "createdAt": 1731000002000,
    "updatedAt": 1731000002000
  },
  "nova-hoodie": {
    "name": "Nova Hoodie (Unisex)",
    "shortDescription": "Cozy, mid-weight fleece.",
    "description": "Soft cotton blend, kangaroo pocket, ribbed cuffs. Sizes S–XL.",
    "category": "👗 Fashion & Clothing",
    "price": 299,
    "quantity": 25,
    "featured": false,
    "status": "active",
    "images": ["https://images.unsplash.com/photo-1520975922131-c0f4a9b1a2a4?q=80&w=1200&auto=format&fit=crop"],
    "sku": "NOV-HOOD-004",
    "analytics": { "views": 0, "contacts": 0 },
    "createdAt": 1731000003000,
    "updatedAt": 1731000003000
  },
  "everyday-canvas-tote": {
    "name": "Everyday Canvas Tote",
    "shortDescription": "Strong straps, inner pocket.",
    "description": "Durable canvas for markets, books, and beach days. Machine washable.",
    "category": "👗 Fashion & Clothing",
    "price": 99,
    "quantity": 40,
    "featured": false,
    "status": "active",
    "images": ["https://images.unsplash.com/photo-1520975922131-46f1e6c1d8b2?q=80&w=1200&auto=format&fit=crop"],
    "sku": "EVD-TOTE-005",
    "analytics": { "views": 0, "contacts": 0 },
    "createdAt": 1731000004000,
    "updatedAt": 1731000004000
  },
  "bamboo-chopping-board": {
    "name": "Bamboo Chopping Board (L)",
    "shortDescription": "Sustainable, knife-friendly.",
    "description": "Large bamboo board, moisture resistant, easy to clean. Juice groove.",
    "category": "🏠 Home & Garden",
    "price": 129,
    "quantity": 18,
    "featured": false,
    "status": "active",
    "images": ["https://images.unsplash.com/photo-1546549039-175c97b7c9f9?q=80&w=1200&auto=format&fit=crop"],
    "sku": "BMB-BOARD-006",
    "analytics": { "views": 0, "contacts": 0 },
    "createdAt": 1731000005000,
    "updatedAt": 1731000005000
  },
  "artisan-ceramic-mug": {
    "name": "Artisan Ceramic Mug",
    "shortDescription": "Hand-glazed, 350ml.",
    "description": "Microwave & dishwasher safe stoneware with unique glaze patterns.",
    "category": "🏠 Home & Garden",
    "price": 79,
    "quantity": 30,
    "featured": false,
    "status": "active",
    "images": ["https://images.unsplash.com/photo-1520975922131-4e7b6c1d8b21?q=80&w=1200&auto=format&fit=crop"],
    "sku": "ART-MUG-007",
    "analytics": { "views": 0, "contacts": 0 },
    "createdAt": 1731000006000,
    "updatedAt": 1731000006000
  },
  "pro-jump-rope": {
    "name": "Pro Speed Jump Rope",
    "shortDescription": "Ball-bearing handles.",
    "description": "Adjustable steel cable rope for HIIT and cardio. Smooth rotation.",
    "category": "🎮 Sports & Gaming",
    "price": 89,
    "quantity": 35,
    "featured": false,
    "status": "active",
    "images": ["https://images.unsplash.com/photo-1518611012118-696072aa579a?q=80&w=1200&auto=format&fit=crop"],
    "sku": "PRO-ROPE-008",
    "analytics": { "views": 0, "contacts": 0 },
    "createdAt": 1731000007000,
    "updatedAt": 1731000007000
  },
  "compact-led-ring-light": {
    "name": "Compact LED Ring Light",
    "shortDescription": "For video calls & reels.",
    "description": "10\" dimmable ring light with tripod and phone mount. USB powered.",
    "category": "📱 Electronics",
    "price": 159,
    "quantity": 16,
    "featured": false,
    "status": "active",
    "images": ["https://images.unsplash.com/photo-1601935111741-a4c1d63a8f5b?q=80&w=1200&auto=format&fit=crop"],
    "sku": "LED-RING-009",
    "analytics": { "views": 0, "contacts": 0 },
    "createdAt": 1731000008000,
    "updatedAt": 1731000008000
  },
  "velvet-scrunchies-3pack": {
    "name": "Velvet Scrunchies (3-Pack)",
    "shortDescription": "Soft, no-pull hold.",
    "description": "Three colors per pack. Gentle on hair, great for daily styles.",
    "category": "💄 Beauty & Cosmetics",
    "price": 39,
    "quantity": 50,
    "featured": false,
    "status": "active",
    "images": ["https://images.unsplash.com/photo-1607330283232-0c3f5a2a5f54?q=80&w=1200&auto=format&fit=crop"],
    "sku": "SCR-SET-010",
    "analytics": { "views": 0, "contacts": 0 },
    "createdAt": 1731000009000,
    "updatedAt": 1731000009000
  }
}
